"","logFC","AveExpr","t","P.Value","adj.P.Val","B"
"PDCD1",0.00683163594111743,-1.00449405271725,5.29882404382629,0.000000118092419736274,0.000000293434713941879,4.53738566009197
"CD274",0.00252996256998467,1.99072127100836,3.29289932898463,0.00099374547164261,0.00166161099523447,-4.296682670674
"CD86",-0.000179205124931177,0.99995700662196,-0.162205371326283,0.871146173944922,0.890581259821308,-9.63177290477296
